#,name,type1,type2,abilities,hp,atk,def,sp_atk,sp_def,speed
#0001,Bulbasaur,Grass,Poison,"Overgrow, Chlorophyll",45,49,49,65,65,45
#0002,Ivysaur,Grass,Poison,"Overgrow, Chlorophyll",60,62,63,80,80,60
#0003,Venusaur,Grass,Poison,"Overgrow, Chlorophyll",80,82,83,100,100,80
#0004,Charmander,Fire,,"Blaze, Solar Power",39,52,43,60,50,65
#0005,Charmeleon,Fire,,"Blaze, Solar Power",58,64,58,80,65,80
#0006,Charizard,Fire,Flying,"Blaze, Solar Power",78,84,78,109,85,100
#0007,Squirtle,Water,,"Torrent, Rain Dish",44,48,65,50,64,43
#0008,Wartortle,Water,,"Torrent, Rain Dish",59,63,80,65,80,58
#0009,Blastoise,Water,,"Torrent, Rain Dish",79,83,100,85,105,78
#0010,Caterpie,Bug,,"Shield Dust, Run Away",45,30,35,20,20,45
#0011,Metapod,Bug,,Shed Skin,50,20,55,25,25,30
#0012,Butterfree,Bug,Flying,"Compoundeyes, Tinted Lens",60,45,50,90,80,70
#0013,Weedle,Bug,Poison,"Shield Dust, Run Away",40,35,30,20,20,50
#0014,Kakuna,Bug,Poison,Shed Skin,45,25,50,25,25,35
#0015,Beedrill,Bug,Poison,"Swarm, Sniper",65,90,40,45,80,75
#0016,Pidgey,Normal,Flying,"Keen Eye, Tangled Feet, Big Pecks",40,45,40,35,35,56
#0017,Pidgeotto,Normal,Flying,"Keen Eye, Tangled Feet, Big Pecks",63,60,55,50,50,71
#0018,Pidgeot,Normal,Flying,"Keen Eye, Tangled Feet, Big Pecks",83,80,75,70,70,101
#0019,Rattata,Normal,,"Run Away, Guts, Hustle",30,56,35,25,35,72
#0020,Raticate,Normal,,"Run Away, Guts, Hustle",55,81,60,50,70,97
#0021,Spearow,Normal,Flying,"Keen Eye, Sniper",40,60,30,31,31,70
#0022,Fearow,Normal,Flying,"Keen Eye, Sniper",65,90,65,61,61,100
#0023,Ekans,Poison,,"Intimidate, Shed Skin, Unnerve",35,60,44,40,54,55
#0024,Arbok,Poison,,"Intimidate, Shed Skin, Unnerve",60,95,69,65,79,80
#0025,Pikachu,Electric,,"Static, Lightning Rod",35,55,40,50,50,90
#0026,Raichu,Electric,,"Static, Lightning Rod",60,90,55,90,80,110
#0027,Sandshrew,Ground,,"Sand Veil, Sand Rush",50,75,85,20,30,40
#0028,Sandslash,Ground,,"Sand Veil, Sand Rush",75,100,110,45,55,65
#0029,Nidoran♀,Poison,,"Poison Point, Rivalry, Hustle",55,47,52,40,40,41
#0030,Nidorina,Poison,,"Poison Point, Rivalry, Hustle",70,62,67,55,55,56
#0031,Nidoqueen,Poison,Ground,"Poison Point, Rivalry, Sheer Force",90,92,87,75,85,76
#0032,Nidoran♂,Poison,,"Poison Point, Rivalry, Hustle",46,57,40,40,40,50
#0033,Nidorino,Poison,,"Poison Point, Rivalry, Hustle",61,72,57,55,55,65
#0034,Nidoking,Poison,Ground,"Poison Point, Rivalry, Sheer Force",81,102,77,85,75,85
#0035,Clefairy,Normal,,"Cute Charm, Magic Guard, Friend Guard",70,45,48,60,65,35
#0036,Clefable,Normal,,"Cute Charm, Magic Guard, Unaware",95,70,73,95,90,60
#0037,Vulpix,Fire,,"Flash Fire, Drought",38,41,40,50,65,65
#0038,Ninetales,Fire,,"Flash Fire, Drought",73,76,75,81,100,100
#0039,Jigglypuff,Normal,,"Cute Charm, Competitive, Friend Guard",115,45,20,45,25,20
#0040,Wigglytuff,Normal,,"Cute Charm, Competitive, Frisk",140,70,45,85,50,45
#0041,Zubat,Poison,Flying,"Inner Focus, Infiltrator",40,45,35,30,40,55
#0042,Golbat,Poison,Flying,"Inner Focus, Infiltrator",75,80,70,65,75,90
#0043,Oddish,Grass,Poison,"Chlorophyll, Run Away",45,50,55,75,65,30
#0044,Gloom,Grass,Poison,"Chlorophyll, Stench",60,65,70,85,75,40
#0045,Vileplume,Grass,Poison,"Chlorophyll, Effect Spore",75,80,85,110,90,50
#0046,Paras,Bug,Grass,"Effect Spore, Dry Skin, Damp",35,70,55,45,55,25
#0047,Parasect,Bug,Grass,"Effect Spore, Dry Skin, Damp",60,95,80,60,80,30
#0048,Venonat,Bug,Poison,"Compoundeyes, Tinted Lens, Run Away",60,55,50,40,55,45
#0049,Venomoth,Bug,Poison,"Shield Dust, Tinted Lens, Wonder Skin",70,65,60,90,75,90
#0050,Diglett,Ground,,"Sand Veil, Arena Trap, Sand Force",10,55,25,35,45,95
#0051,Dugtrio,Ground,,"Sand Veil, Arena Trap, Sand Force",35,100,50,50,70,120
#0052,Meowth,Normal,,"Pickup, Technician, Unnerve",40,45,35,40,40,90
#0053,Persian,Normal,,"Limber, Technician, Unnerve",65,70,60,65,65,115
#0054,Psyduck,Water,,"Damp, Cloud Nine, Swift Swim",50,52,48,65,50,55
#0055,Golduck,Water,,"Damp, Cloud Nine, Swift Swim",80,82,78,95,80,85
#0056,Mankey,Fighting,,"Vital Spirit, Anger Point, Defiant",40,80,35,35,45,70
#0057,Primeape,Fighting,,"Vital Spirit, Anger Point, Defiant",65,105,60,60,70,95
#0058,Growlithe,Fire,,"Intimidate, Flash Fire, Justified",55,70,45,70,50,60
#0059,Arcanine,Fire,,"Intimidate, Flash Fire, Justified",90,110,80,100,80,95
#0060,Poliwag,Water,,"Water Absorb, Damp, Swift Swim",40,50,40,40,40,90
#0061,Poliwhirl,Water,,"Water Absorb, Damp, Swift Swim",65,65,65,50,50,90
#0062,Poliwrath,Water,Fighting,"Water Absorb, Damp, Swift Swim",90,95,95,70,90,70
#0063,Abra,Psychic,,"Synchronize, Inner Focus, Magic Guard",25,20,15,105,55,90
#0064,Kadabra,Psychic,,"Synchronize, Inner Focus, Magic Guard",40,35,30,120,70,105
#0065,Alakazam,Psychic,,"Synchronize, Inner Focus, Magic Guard",55,50,45,135,95,120
#0066,Machop,Fighting,,"Guts, No Guard, Steadfast",70,80,50,35,35,35
#0067,Machoke,Fighting,,"Guts, No Guard, Steadfast",80,100,70,50,60,45
#0068,Machamp,Fighting,,"Guts, No Guard, Steadfast",90,130,80,65,85,55
#0069,Bellsprout,Grass,Poison,"Chlorophyll, Gluttony",50,75,35,70,30,40
#0070,Weepinbell,Grass,Poison,"Chlorophyll, Gluttony",65,90,50,85,45,55
#0071,Victreebel,Grass,Poison,"Chlorophyll, Gluttony",80,105,65,100,70,70
#0072,Tentacool,Water,Poison,"Clear Body, Liquid Ooze, Rain Dish",40,40,35,50,100,70
#0073,Tentacruel,Water,Poison,"Clear Body, Liquid Ooze, Rain Dish",80,70,65,80,120,100
#0074,Geodude,Rock,Ground,"Rock Head, Sturdy, Sand Veil",40,80,100,30,30,20
#0075,Graveler,Rock,Ground,"Rock Head, Sturdy, Sand Veil",55,95,115,45,45,35
#0076,Golem,Rock,Ground,"Rock Head, Sturdy, Sand Veil",80,120,130,55,65,45
#0077,Ponyta,Fire,,"Run Away, Flash Fire, Flame Body",50,85,55,65,65,90
#0078,Rapidash,Fire,,"Run Away, Flash Fire, Flame Body",65,100,70,80,80,105
#0079,Slowpoke,Water,Psychic,"Oblivious, Own Tempo, Regenerator",90,65,65,40,40,15
#0080,Slowbro,Water,Psychic,"Oblivious, Own Tempo, Regenerator",95,75,110,100,80,30
#0081,Magnemite,Electric,Steel,"Magnet Pull, Sturdy, Analytic",25,35,70,95,55,45
#0082,Magneton,Electric,Steel,"Magnet Pull, Sturdy, Analytic",50,60,95,120,70,70
#0083,Farfetch'd,Normal,Flying,"Keen Eye, Inner Focus, Defiant",52,90,55,58,62,60
#0084,Doduo,Normal,Flying,"Run Away, Early Bird, Tangled Feet",35,85,45,35,35,75
#0085,Dodrio,Normal,Flying,"Run Away, Early Bird, Tangled Feet",60,110,70,60,60,110
#0086,Seel,Water,,"Thick Fat, Hydration, Ice Body",65,45,55,45,70,45
#0087,Dewgong,Water,Ice,"Thick Fat, Hydration, Ice Body",90,70,80,70,95,70
#0088,Grimer,Poison,,"Stench, Sticky Hold, Poison Touch",80,80,50,40,50,25
#0089,Muk,Poison,,"Stench, Sticky Hold, Poison Touch",105,105,75,65,100,50
#0090,Shellder,Water,,"Shell Armor, Skill Link, Overcoat",30,65,100,45,25,40
#0091,Cloyster,Water,Ice,"Shell Armor, Skill Link, Overcoat",50,95,180,85,45,70
#0092,Gastly,Ghost,Poison,Levitate,30,35,30,100,35,80
#0093,Haunter,Ghost,Poison,Levitate,45,50,45,115,55,95
#0094,Gengar,Ghost,Poison,Cursed Body,60,65,60,130,75,110
#0095,Onix,Rock,Ground,"Rock Head, Sturdy, Weak Armor",35,45,160,30,45,70
#0096,Drowzee,Psychic,,"Insomnia, Forewarn, Inner Focus",60,48,45,43,90,42
#0097,Hypno,Psychic,,"Insomnia, Forewarn, Inner Focus",85,73,70,73,115,67
#0098,Krabby,Water,,"Hyper Cutter, Shell Armor, Sheer Force",30,105,90,25,25,50
#0099,Kingler,Water,,"Hyper Cutter, Shell Armor, Sheer Force",55,130,115,50,50,75
#0100,Voltorb,Electric,,"Soundproof, Static, Aftermath",40,30,50,55,55,100
#0101,Electrode,Electric,,"Soundproof, Static, Aftermath",60,50,70,80,80,150
#0102,Exeggcute,Grass,Psychic,"Chlorophyll, Harvest",60,40,80,60,45,40
#0103,Exeggutor,Grass,Psychic,"Chlorophyll, Harvest",95,95,85,125,75,55
#0104,Cubone,Ground,,"Rock Head, Lightning Rod, Battle Armor",50,50,95,40,50,35
#0105,Marowak,Ground,,"Rock Head, Lightning Rod, Battle Armor",60,80,110,50,80,45
#0106,Hitmonlee,Fighting,,"Limber, Reckless, Unburden",50,120,53,35,110,87
#0107,Hitmonchan,Fighting,,"Keen Eye, Iron Fist, Inner Focus",50,105,79,35,110,76
#0108,Lickitung,Normal,,"Own Tempo, Oblivious, Cloud Nine",90,55,75,60,75,30
#0109,Koffing,Poison,,"Levitate, Neutralizing Gas, Stench",40,65,95,60,45,35
#0110,Weezing,Poison,,"Levitate, Neutralizing Gas, Stench",65,90,120,85,70,60
#0111,Rhyhorn,Ground,Rock,"Lightning Rod, Rock Head, Reckless",80,85,95,30,30,25
#0112,Rhydon,Ground,Rock,"Lightning Rod, Rock Head, Reckless",105,130,120,45,45,40
#0113,Chansey,Normal,,"Natural Cure, Serene Grace, Healer",250,5,5,35,105,50
#0114,Tangela,Grass,,"Chlorophyll, Leaf Guard, Regenerator",65,55,115,100,40,60
#0115,Kangaskhan,Normal,,"Early Bird, Scrappy, Inner Focus",105,95,80,40,80,90
#0116,Horsea,Water,,"Swift Swim, Sniper, Damp",30,40,70,70,25,60
#0117,Seadra,Water,,"Poison Point, Sniper, Damp",55,65,95,95,45,85
#0118,Goldeen,Water,,"Swift Swim, Water Veil, Lightning Rod",45,67,60,35,50,63
#0119,Seaking,Water,,"Swift Swim, Water Veil, Lightning Rod",80,92,65,65,80,68
#0120,Staryu,Water,,"Illuminate, Natural Cure, Analytic",30,45,55,70,55,85
#0121,Starmie,Water,Psychic,"Illuminate, Natural Cure, Analytic",60,75,85,100,85,115
#0122,Mr. Mime,Psychic,Normal,"Soundproof, Filter, Technician",40,45,65,100,120,90
#0123,Scyther,Bug,Flying,"Swarm, Technician, Steadfast",70,110,80,55,80,105
#0124,Jynx,Ice,Psychic,"Oblivious, Forewarn, Dry Skin",65,50,35,115,95,95
#0125,Electabuzz,Electric,,"Static, Vital Spirit",65,83,57,95,85,105
#0126,Magmar,Fire,,"Flame Body, Vital Spirit",65,95,57,100,85,93
#0127,Pinsir,Bug,,"Hyper Cutter, Mold Breaker, Moxie",65,125,100,55,70,85
#0128,Tauros,Normal,,"Intimidate, Anger Point, Sheer Force",75,100,95,40,70,110
#0129,Magikarp,Water,,"Swift Swim, Rattled",20,10,55,15,20,80
#0130,Gyarados,Water,Flying,"Intimidate, Moxie",95,125,79,60,100,81
#0131,Lapras,Water,Ice,"Water Absorb, Shell Armor, Hydration",130,85,80,85,95,60
#0132,Ditto,Normal,,"Limber, Imposter",48,48,48,48,48,48
#0133,Eevee,Normal,,"Run Away, Adaptability, Anticipation",55,55,50,45,65,55
#0134,Vaporeon,Water,,"Water Absorb, Hydration",130,65,60,110,95,65
#0135,Jolteon,Electric,,"Volt Absorb, Quick Feet",65,65,60,110,95,130
#0136,Flareon,Fire,,"Flash Fire, Guts",65,130,60,95,110,65
#0137,Porygon,Normal,,"Trace, Download, Analytic",65,60,70,85,75,40
#0138,Omanyte,Rock,Water,"Swift Swim, Shell Armor, Weak Armor",35,40,100,90,55,35
#0139,Omastar,Rock,Water,"Swift Swim, Shell Armor, Weak Armor",70,60,125,115,70,55
#0140,Kabuto,Rock,Water,"Swift Swim, Battle Armor, Weak Armor",30,80,90,55,45,55
#0141,Kabutops,Rock,Water,"Swift Swim, Battle Armor, Weak Armor",60,115,105,65,70,80
#0142,Aerodactyl,Rock,Flying,"Rock Head, Pressure, Unnerve",80,105,65,60,75,130
#0143,Snorlax,Normal,,"Immunity, Thick Fat, Gluttony",160,110,65,65,110,30
#0144,Articuno,Ice,Flying,"Pressure, Snow Cloak",90,85,100,95,125,85
#0145,Zapdos,Electric,Flying,"Pressure, Static",90,90,85,125,90,100
#0146,Moltres,Fire,Flying,"Pressure, Flame Body",90,100,90,125,85,90
#0147,Dratini,Dragon,,"Shed Skin, Marvel Scale",41,64,45,50,50,50
#0148,Dragonair,Dragon,,"Shed Skin, Marvel Scale",61,84,65,70,70,70
#0149,Dragonite,Dragon,Flying,"Inner Focus, Multiscale",91,134,95,100,100,80
#0150,Mewtwo,Psychic,,"Pressure, Unnerve",106,110,90,154,90,130
#0151,Mew,Psychic,,Synchronize,100,100,100,100,100,100
#0152,Chikorita,Grass,,"Overgrow, Leaf Guard",45,49,65,49,65,45
#0153,Bayleef,Grass,,"Overgrow, Leaf Guard",60,62,80,63,80,60
#0154,Meganium,Grass,,"Overgrow, Leaf Guard",80,82,100,83,100,80
#0155,Cyndaquil,Fire,,"Blaze, Flash Fire",39,52,43,60,50,65
#0156,Quilava,Fire,,"Blaze, Flash Fire",58,64,58,80,65,80
#0157,Typhlosion,Fire,,"Blaze, Flash Fire",78,84,78,109,85,100
#0158,Totodile,Water,,"Torrent, Sheer Force",50,65,64,44,48,43
#0159,Croconaw,Water,,"Torrent, Sheer Force",65,80,80,59,63,58
#0160,Feraligatr,Water,,"Torrent, Sheer Force",85,105,100,79,83,78
#0161,Sentret,Normal,,"Run Away, Keen Eye, Frisk",35,46,34,35,45,20
#0162,Furret,Normal,,"Run Away, Keen Eye, Frisk",85,76,64,45,55,90
#0163,Hoothoot,Normal,Flying,"Insomnia, Keen Eye, Tinted Lens",60,30,30,36,56,50
#0164,Noctowl,Normal,Flying,"Insomnia, Keen Eye, Tinted Lens",100,50,50,86,96,70
#0165,Ledyba,Bug,Flying,"Swarm, Early Bird, Rattled",40,20,30,40,80,55
#0166,Ledian,Bug,Flying,"Swarm, Early Bird, Iron Fist",55,35,50,55,110,85
#0167,Spinarak,Bug,Poison,"Swarm, Insomnia, Sniper",40,60,40,40,40,30
#0168,Ariados,Bug,Poison,"Swarm, Insomnia, Sniper",70,90,70,60,70,40
#0169,Crobat,Poison,Flying,"Inner Focus, Infiltrator",85,90,80,70,80,130
#0170,Chinchou,Water,Electric,"Volt Absorb, Illuminate, Water Absorb",75,38,38,56,56,67
#0171,Lanturn,Water,Electric,"Volt Absorb, Illuminate, Water Absorb",125,58,58,76,76,67
#0172,Pichu,Electric,,"Static, Lightning Rod",20,40,15,35,35,60
#0173,Cleffa,Normal,,"Cute Charm, Magic Guard, Friend Guard",50,25,28,45,55,15
#0174,Igglybuff,Normal,,"Cute Charm, Competitive, Friend Guard",90,30,15,40,20,15
#0175,Togepi,Normal,,"Hustle, Serene Grace, Super Luck",35,20,65,40,65,20
#0176,Togetic,Normal,Flying,"Hustle, Serene Grace, Super Luck",55,40,85,80,105,40
#0177,Natu,Psychic,Flying,"Synchronize, Early Bird, Magic Bounce",40,50,45,70,45,70
#0178,Xatu,Psychic,Flying,"Synchronize, Early Bird, Magic Bounce",65,75,70,95,70,95
#0179,Mareep,Electric,,"Static, Plus",55,40,40,65,45,35
#0180,Flaaffy,Electric,,"Static, Plus",70,55,55,80,60,45
#0181,Ampharos,Electric,,"Static, Plus",90,75,85,115,90,55
#0182,Bellossom,Grass,,"Chlorophyll, Healer",75,80,95,90,100,50
#0183,Marill,Water,Normal,"Thick Fat, Huge Power, Sap Sipper",70,20,50,20,50,40
#0184,Azumarill,Water,Normal,"Thick Fat, Huge Power, Sap Sipper",100,50,80,60,80,50
#0185,Sudowoodo,Rock,,"Sturdy, Rock Head, Rattled",70,100,115,30,65,30
#0186,Politoed,Water,,"Water Absorb, Damp, Drizzle",90,75,75,90,100,70
#0187,Hoppip,Grass,Flying,"Chlorophyll, Leaf Guard, Infiltrator",35,35,40,35,55,50
#0188,Skiploom,Grass,Flying,"Chlorophyll, Leaf Guard, Infiltrator",55,45,50,45,65,80
#0189,Jumpluff,Grass,Flying,"Chlorophyll, Leaf Guard, Infiltrator",75,55,70,55,95,110
#0190,Aipom,Normal,,"Run Away, Pickup, Skill Link",55,70,55,40,55,85
#0191,Sunkern,Grass,,"Chlorophyll, Solar Power, Early Bird",30,30,30,30,30,30
#0192,Sunflora,Grass,,"Chlorophyll, Solar Power, Early Bird",75,75,55,105,85,30
#0193,Yanma,Bug,Flying,"Speed Boost, Compoundeyes, Frisk",65,65,45,75,45,95
#0194,Wooper,Water,Ground,"Damp, Water Absorb, Unaware",55,45,45,25,25,15
#0195,Quagsire,Water,Ground,"Damp, Water Absorb, Unaware",95,85,85,65,65,35
#0196,Espeon,Psychic,,"Synchronize, Magic Bounce",65,65,60,130,95,110
#0197,Umbreon,Dark,,"Synchronize, Inner Focus",95,65,110,60,130,65
#0198,Murkrow,Dark,Flying,"Insomnia, Super Luck, Prankster",60,85,42,85,42,91
#0199,Slowking,Water,Psychic,"Oblivious, Own Tempo, Regenerator",95,75,80,100,110,30
#0200,Misdreavus,Ghost,,Levitate,60,60,60,85,85,85
#0201,Unown,Psychic,,Levitate,48,72,48,72,48,48
#0202,Wobbuffet,Psychic,,"Shadow Tag, Telepathy",190,33,58,33,58,33
#0203,Girafarig,Normal,Psychic,"Inner Focus, Early Bird, Sap Sipper",70,80,65,90,65,85
#0204,Pineco,Bug,,"Sturdy, Overcoat",50,65,90,35,35,15
#0205,Forretress,Bug,Steel,"Sturdy, Overcoat",75,90,140,60,60,40
#0206,Dunsparce,Normal,,"Serene Grace, Run Away, Rattled",100,70,70,65,65,45
#0207,Gligar,Ground,Flying,"Hyper Cutter, Sand Veil, Immunity",65,75,105,35,65,85
#0208,Steelix,Steel,Ground,"Rock Head, Sturdy, Sheer Force",75,85,200,55,65,30
#0209,Snubbull,Normal,,"Intimidate, Run Away, Rattled",60,80,50,40,40,30
#0210,Granbull,Normal,,"Intimidate, Quick Feet, Rattled",90,120,75,60,60,45
#0211,Qwilfish,Water,Poison,"Poison Point, Swift Swim, Intimidate",65,95,85,55,55,85
#0212,Scizor,Bug,Steel,"Swarm, Technician, Light Metal",70,130,100,55,80,65
#0213,Shuckle,Bug,Rock,"Sturdy, Gluttony, Contrary",20,10,230,10,230,5
#0214,Heracross,Bug,Fighting,"Swarm, Guts, Moxie",80,125,75,40,95,85
#0215,Sneasel,Dark,Ice,"Inner Focus, Keen Eye, Pickpocket",55,95,55,35,75,115
#0216,Teddiursa,Normal,,"Pickup, Quick Feet, Honey Gather",60,80,50,50,50,40
#0217,Ursaring,Normal,,"Guts, Quick Feet, Unnerve",90,130,75,75,75,55
#0218,Slugma,Fire,,"Magma Armor, Flame Body, Weak Armor",40,40,40,70,40,20
#0219,Magcargo,Fire,Rock,"Magma Armor, Flame Body, Weak Armor",60,50,120,90,80,30
#0220,Swinub,Ice,Ground,"Oblivious, Snow Cloak, Thick Fat",50,50,40,30,30,50
#0221,Piloswine,Ice,Ground,"Oblivious, Snow Cloak, Thick Fat",100,100,80,60,60,50
#0222,Corsola,Water,Rock,"Hustle, Natural Cure, Regenerator",65,55,95,65,95,35
#0223,Remoraid,Water,,"Hustle, Sniper, Moody",35,65,35,65,35,65
#0224,Octillery,Water,,"Suction Cups, Sniper, Moody",75,105,75,105,75,45
#0225,Delibird,Ice,Flying,"Vital Spirit, Hustle, Insomnia",45,55,45,65,45,75
#0226,Mantine,Water,Flying,"Swift Swim, Water Absorb, Water Veil",85,40,70,80,140,70
#0227,Skarmory,Steel,Flying,"Keen Eye, Sturdy, Weak Armor",65,80,140,40,70,70
#0228,Houndour,Dark,Fire,"Early Bird, Flash Fire, Unnerve",45,60,30,80,50,65
#0229,Houndoom,Dark,Fire,"Early Bird, Flash Fire, Unnerve",75,90,50,110,80,95
#0230,Kingdra,Water,Dragon,"Swift Swim, Sniper, Damp",75,95,95,95,95,85
#0231,Phanpy,Ground,,"Pickup, Sand Veil",90,60,60,40,40,40
#0232,Donphan,Ground,,"Sturdy, Sand Veil",90,120,120,60,60,50
#0233,Porygon2,Normal,,"Trace, Download, Analytic",85,80,90,105,95,60
#0234,Stantler,Normal,,"Intimidate, Frisk, Sap Sipper",73,95,62,85,65,85
#0235,Smeargle,Normal,,"Own Tempo, Technician, Moody",55,20,35,20,45,75
#0236,Tyrogue,Fighting,,"Guts, Steadfast, Vital Spirit",35,35,35,35,35,35
#0237,Hitmontop,Fighting,,"Intimidate, Technician, Steadfast",50,95,95,35,110,70
#0238,Smoochum,Ice,Psychic,"Oblivious, Forewarn, Hydration",45,30,15,85,65,65
#0239,Elekid,Electric,,"Static, Vital Spirit",45,63,37,65,55,95
#0240,Magby,Fire,,"Flame Body, Vital Spirit",45,75,37,70,55,83
#0241,Miltank,Normal,,"Thick Fat, Scrappy, Sap Sipper",95,80,105,40,70,100
#0242,Blissey,Normal,,"Natural Cure, Serene Grace, Healer",255,10,10,75,135,55
#0243,Raikou,Electric,,"Pressure, Inner Focus",90,85,75,115,100,115
#0244,Entei,Fire,,"Pressure, Inner Focus",115,115,85,90,75,100
#0245,Suicune,Water,,"Pressure, Inner Focus",100,75,115,90,115,85
#0246,Larvitar,Rock,Ground,"Guts, Sand Veil",50,64,50,45,50,41
#0247,Pupitar,Rock,Ground,Shed Skin,70,84,70,65,70,51
#0248,Tyranitar,Rock,Dark,"Sand Stream, Unnerve",100,134,110,95,100,61
#0249,Lugia,Psychic,Flying,"Pressure, Multiscale",106,90,130,90,154,110
#0250,Ho-Oh,Fire,Flying,"Pressure, Regenerator",106,130,90,110,154,90
#0251,Celebi,Psychic,Grass,Natural Cure,100,100,100,100,100,100
